-- phpMyAdmin SQL Dump
-- version 5.2.1
-- https://www.phpmyadmin.net/
--
-- Host: 127.0.0.1
-- Generation Time: Nov 03, 2024 at 03:44 PM
-- Server version: 10.4.32-MariaDB
-- PHP Version: 8.0.30

SET SQL_MODE = "NO_AUTO_VALUE_ON_ZERO";
START TRANSACTION;
SET time_zone = "+00:00";


/*!40101 SET @OLD_CHARACTER_SET_CLIENT=@@CHARACTER_SET_CLIENT */;
/*!40101 SET @OLD_CHARACTER_SET_RESULTS=@@CHARACTER_SET_RESULTS */;
/*!40101 SET @OLD_COLLATION_CONNECTION=@@COLLATION_CONNECTION */;
/*!40101 SET NAMES utf8mb4 */;

--
-- Database: `msis`
--

-- --------------------------------------------------------

--
-- Table structure for table `categories`
--

CREATE TABLE `categories` (
  `id` int(11) NOT NULL,
  `description` varchar(100) NOT NULL,
  `code` varchar(10) NOT NULL
) ENGINE=InnoDB DEFAULT CHARSET=utf8mb4 COLLATE=utf8mb4_general_ci;

--
-- Dumping data for table `categories`
--

INSERT INTO `categories` (`id`, `description`, `code`) VALUES
(1, 'ELECTRICAL', 'EL'),
(2, 'PAINTING', 'PA'),
(3, 'AIRCON', 'AT'),
(4, 'CARPENTRY/MASONRY', 'CM'),
(5, 'PLUMBING', 'PL');

-- --------------------------------------------------------

--
-- Table structure for table `frequency`
--

CREATE TABLE `frequency` (
  `id` int(11) NOT NULL,
  `inventory_id` int(11) DEFAULT NULL,
  `pup_groups_id` int(11) DEFAULT NULL,
  `amount` int(11) DEFAULT NULL
) ENGINE=InnoDB DEFAULT CHARSET=utf8mb4 COLLATE=utf8mb4_general_ci;

--
-- Dumping data for table `frequency`
--

INSERT INTO `frequency` (`id`, `inventory_id`, `pup_groups_id`, `amount`) VALUES
(3, 477, 1, 16),
(4, 478, 1, 17),
(5, 479, 4, 15),
(6, 480, 1, 6),
(7, 481, 3, 1),
(8, 482, 1, 7),
(9, 483, 1, 11),
(10, 484, 3, 12),
(11, 485, 4, 9),
(12, 486, 1, 6),
(13, 487, 1, 4),
(14, 488, 3, 20),
(15, 489, 3, 9),
(16, 490, 3, 2),
(17, 491, 4, 4),
(18, 492, 4, 15),
(19, 493, 4, 20),
(20, 494, 3, 17),
(21, 495, 3, 3),
(22, 496, 4, 5),
(23, 497, 1, 16),
(24, 498, 2, 4),
(25, 499, 1, 12),
(26, 500, 3, 5),
(27, 501, 2, 12),
(28, 502, 1, 1),
(29, 503, 3, 11),
(30, 504, 1, 11),
(31, 505, 1, 20),
(32, 506, 3, 6),
(33, 507, 1, 10),
(34, 508, 1, 10),
(35, 509, 3, 3),
(36, 510, 4, 2),
(37, 511, 4, 1),
(38, 512, 2, 19),
(39, 513, 4, 12),
(40, 514, 2, 1),
(41, 515, 2, 9),
(42, 516, 4, 3),
(43, 517, 3, 6),
(44, 518, 4, 1),
(45, 519, 3, 5),
(46, 520, 2, 3),
(47, 521, 2, 18),
(48, 522, 3, 1),
(49, 523, 2, 9),
(50, 524, 1, 2),
(51, 525, 1, 2),
(52, 526, 1, 5),
(53, 527, 3, 17),
(54, 528, 3, 9),
(55, 529, 3, 16),
(56, 530, 4, 10),
(57, 531, 4, 3),
(58, 532, 3, 3),
(59, 533, 1, 6),
(60, 534, 2, 1),
(61, 535, 4, 7),
(62, 536, 2, 12),
(63, 537, 3, 17),
(64, 538, 1, 11),
(65, 539, 4, 2),
(66, 540, 3, 17),
(67, 541, 3, 18),
(68, 542, 1, 19),
(69, 543, 3, 1),
(70, 544, 2, 7),
(71, 545, 4, 11),
(72, 546, 4, 16),
(73, 547, 3, 5),
(74, 548, 1, 15),
(75, 549, 1, 2),
(76, 550, 4, 4),
(77, 551, 4, 11),
(78, 552, 3, 6),
(79, 553, 3, 14),
(80, 554, 3, 14),
(81, 555, 3, 8),
(82, 556, 3, 16),
(83, 557, 2, 18),
(84, 558, 4, 19),
(85, 559, 1, 2),
(86, 560, 4, 13),
(87, 561, 3, 18),
(88, 562, 1, 11),
(89, 563, 1, 19),
(90, 564, 2, 20),
(91, 565, 2, 5),
(92, 566, 2, 6),
(93, 567, 2, 13),
(94, 568, 2, 5),
(95, 569, 3, 6),
(96, 570, 3, 16),
(97, 571, 1, 1),
(98, 572, 2, 15),
(99, 573, 4, 11),
(100, 574, 2, 12),
(101, 575, 3, 7),
(102, 576, 1, 18),
(103, 577, 1, 7),
(104, 578, 2, 20),
(105, 579, 1, 20),
(106, 580, 1, 20),
(107, 581, 1, 18),
(108, 582, 2, 8),
(109, 583, 3, 7),
(110, 584, 2, 11),
(111, 585, 3, 13),
(112, 586, 4, 13),
(113, 587, 1, 4),
(114, 588, 1, 1),
(115, 589, 1, 12),
(116, 590, 2, 17),
(117, 591, 4, 7),
(118, 592, 3, 6),
(119, 593, 3, 7),
(120, 594, 2, 16),
(121, 595, 3, 1),
(122, 596, 3, 15),
(123, 597, 1, 10),
(124, 598, 2, 4),
(125, 599, 4, 11),
(126, 600, 4, 2),
(127, 601, 1, 18),
(128, 602, 3, 2),
(129, 603, 2, 15),
(130, 604, 1, 9),
(131, 605, 2, 19),
(132, 606, 1, 8),
(133, 607, 4, 1),
(134, 608, 3, 3),
(135, 609, 4, 8),
(136, 610, 3, 14),
(137, 611, 1, 4),
(138, 612, 3, 19),
(139, 613, 4, 4),
(140, 614, 1, 19),
(141, 615, 3, 6),
(142, 616, 1, 9),
(143, 617, 2, 9),
(144, 618, 2, 18),
(145, 619, 3, 20),
(146, 620, 4, 4),
(147, 621, 3, 3),
(148, 622, 2, 3),
(149, 623, 4, 4),
(150, 624, 4, 9),
(151, 625, 2, 14),
(152, 626, 1, 3),
(153, 627, 3, 11),
(154, 628, 4, 7),
(155, 629, 4, 3),
(156, 630, 1, 12),
(157, 631, 2, 10),
(158, 632, 4, 13),
(159, 633, 4, 14),
(160, 634, 2, 12),
(161, 635, 2, 16),
(162, 636, 2, 6),
(163, 637, 1, 19),
(164, 638, 3, 19),
(165, 639, 2, 15),
(166, 640, 1, 18),
(167, 641, 2, 4),
(168, 642, 1, 5),
(169, 643, 2, 12),
(170, 644, 3, 6),
(171, 645, 4, 14),
(172, 646, 1, 10),
(173, 647, 1, 7),
(174, 648, 4, 7),
(175, 649, 1, 11),
(176, 650, 4, 13),
(177, 651, 4, 13),
(178, 652, 2, 3),
(179, 653, 1, 19),
(180, 654, 4, 4),
(181, 655, 1, 4),
(182, 656, 3, 8),
(183, 657, 1, 5),
(184, 658, 1, 3),
(185, 659, 3, 17),
(186, 660, 1, 18),
(187, 661, 3, 18),
(188, 662, 3, 14),
(189, 663, 4, 16),
(190, 664, 3, 16),
(191, 665, 2, 12),
(192, 666, 2, 11),
(193, 667, 2, 19),
(194, 668, 2, 4),
(195, 669, 1, 19);

-- --------------------------------------------------------

--
-- Table structure for table `inventory`
--

CREATE TABLE `inventory` (
  `id` int(11) NOT NULL,
  `item_id` varchar(255) DEFAULT NULL,
  `category_id` int(11) NOT NULL,
  `item_name` varchar(100) NOT NULL,
  `unit_id` int(11) NOT NULL,
  `pup_group_id` int(11) DEFAULT NULL,
  `no_of_stock` int(11) NOT NULL,
  `new_delivery` int(11) NOT NULL,
  `date_delivery` date DEFAULT NULL,
  `item_out` int(11) NOT NULL,
  `total_cost` decimal(10,2) DEFAULT NULL,
  `item_balance` int(11) NOT NULL
) ENGINE=InnoDB DEFAULT CHARSET=utf8mb4 COLLATE=utf8mb4_general_ci;

--
-- Dumping data for table `inventory`
--

INSERT INTO `inventory` (`id`, `item_id`, `category_id`, `item_name`, `unit_id`, `pup_group_id`, `no_of_stock`, `new_delivery`, `date_delivery`, `item_out`, `total_cost`, `item_balance`) VALUES
(477, 'EL-0001', 1, 'AIRCON OUTLET', 1, 3, 121, 0, NULL, 0, NULL, 119),
(478, 'EL-0002', 1, 'BALLAST MAGNETIC (18-20 WATTS)', 1, 1, 0, 0, NULL, 0, NULL, 0),
(479, 'EL-0003', 1, 'BALLAST (18-20 WATTS)', 1, 1, 0, 0, NULL, 0, NULL, 0),
(480, 'EL-0004', 1, 'BALLAST (18-26 WATTS)', 1, 4, 0, 0, NULL, 0, NULL, 0),
(481, 'EL-0005', 1, 'BALLAST (20 WATTS)', 1, 4, 0, 0, NULL, 0, NULL, 0),
(482, 'EL-0006', 1, 'BALLAST (36-40 WATTS)', 1, 2, 0, 0, NULL, 0, NULL, 0),
(483, 'EL-0007', 1, 'BUTANE GAS CANISTER REFILL', 1, 2, 124, 0, NULL, 1, NULL, 123),
(484, 'EL-0008', 1, 'BULB CFL DAYLIGHT, (18 WATTS)-3u', 1, 2, 637, 0, NULL, 21, NULL, 616),
(485, 'EL-0009', 1, 'CIRCUIT BREAKER (20 AMPS) BOLT ON ', 1, 2, 128, 0, NULL, 1, NULL, 127),
(486, 'EL-0010', 1, 'CIRCUIT BREAKER (30 AMPS) 2POLE BOLT ON ', 1, 2, 13, 0, NULL, 0, NULL, 13),
(487, 'EL-0011', 1, 'CIRCUIT BREAKER (40 AMPS) 2POLE BOLT ON ', 1, 3, 47, 0, NULL, 0, NULL, 47),
(488, 'EL-0012', 1, 'CIRCUIT BREAKER (50 AMPS) 2POLE BOLT ON', 1, 4, 4, 0, NULL, 0, NULL, 4),
(489, 'EL-0013', 1, 'CIRCUIT BREAKER (60 AMPS) 2POLE BOLT ON ', 1, 2, 0, 0, NULL, 0, NULL, 0),
(490, 'EL-0014', 1, 'CIRCUIT BREAKER (70 AMPS) 2POLE BOLT ON ', 1, 3, 0, 0, NULL, 0, NULL, 0),
(491, 'EL-0015', 1, 'CIRCUIT BREAKER 100AT 3POLE BOLT ON', 1, 4, 4, 0, NULL, 0, NULL, 4),
(492, 'EL-0016', 1, 'CIRCUIT BREAKER 125AT 3POLE BOLT ON', 1, 4, 0, 0, NULL, 0, NULL, 0),
(493, 'EL-0017', 1, 'CIRCUIT BREAKER 150AT 3POLE BOLT ON', 1, 1, 9, 0, NULL, 0, NULL, 9),
(494, 'EL-0018', 1, 'CIRCUIT BREAKER 175AT 3POLE BOLT ON', 1, 3, 2, 0, NULL, 1, NULL, 1),
(495, 'EL-0019', 1, 'CIRCUIT BREAKER 200AT 3POLE BOLT ON', 7, 3, 6, 0, NULL, 1, NULL, 5),
(496, 'EL-0020', 1, 'CIRCUIT BREAKER 250AT 3POLE BOLT ON', 1, 2, 1, 0, NULL, 0, NULL, 1),
(497, 'EL-0021', 1, 'CIRCUIT BREAKER (20 AMPS) PLUG IN', 1, 3, 15, 0, NULL, 0, NULL, 15),
(498, 'EL-0022', 1, 'CIRCUIT BREAKER (30 AMPS) 2POLE PLUG IN', 1, 2, 0, 0, NULL, 0, NULL, 0),
(499, 'EL-0023', 1, 'CIRCUIT BREAKER (40 AMPS) 2POLE PLUG IN', 1, 1, 0, 0, NULL, 0, NULL, 0),
(500, 'EL-0024', 1, 'CIRCUIT BREAKER (50 AMPS) 2POLE PLUG IN', 1, 2, 0, 0, NULL, 0, NULL, 0),
(501, 'EL-0025', 1, 'CIRCUIT BREAKER (60 AMPS) 2POLE PLUG IN', 1, 1, 14, 0, NULL, 0, NULL, 14),
(502, 'EL-0026', 1, 'CIRCUIT BREAKER (70 AMPS) 2POLE PLUG IN', 1, 2, 3, 0, NULL, 0, NULL, 3),
(503, 'EL-0027', 1, 'DRILL BIT FOR METAL 1/8\" ', 1, 4, 3, 0, NULL, 0, NULL, 3),
(504, 'EL-0028', 1, 'DRILL BIT FOR METAL 3/16\"', 1, 1, 152, 0, NULL, 1, NULL, 151),
(505, 'EL-0029', 1, 'DRILL BIT FOR METAL 1/4\"', 1, 3, 50, 0, NULL, 0, NULL, 50),
(506, 'EL-0030', 1, 'DRILL BIT FOR METAL 1/2\"', 1, 4, 28, 0, NULL, 0, NULL, 28),
(507, 'EL-0031', 1, 'ELECTRICAL MALE PLUG HEAVY DUTY 15A', 1, 1, 9, 0, NULL, 0, NULL, 9),
(508, 'EL-0032', 1, 'ELECTRICAL PIPE PVC 1', 1, 4, 198, 0, NULL, 0, NULL, 198),
(509, 'EL-0033', 1, 'ELECTRICAL PIPE PVC 1/2\" x 10\" ORANGE', 1, 3, 211, 0, NULL, 0, NULL, 211),
(510, 'EL-0034', 1, 'ELECTRICAL PIPE PVC 3/4\" x 10\" ORANGE', 1, 1, 179, 0, NULL, 0, NULL, 171),
(511, 'EL-0035', 1, 'ELECTRICAL RUBBER TAPE', 9, 4, 0, 0, NULL, 0, NULL, 0),
(512, 'EL-0036', 1, 'ELECTRICAL TAPE', 9, 3, 100, 0, NULL, 38, NULL, 62),
(513, 'EL-0037', 1, 'EMERGENCY LIGHT LED', 1, 1, 296, 0, NULL, 0, NULL, 296),
(514, 'EL-0038', 1, 'ENCLOSURE 30AT 2POLE BOLT ON CB IN NEMA 3R', 9, 4, 0, 0, NULL, 0, NULL, 0),
(515, 'EL-0039', 1, 'ENCLOSURE 40AT 2POLE BOLT ON CB IN NEMA 3R', 9, 1, 0, 0, NULL, 0, NULL, 0),
(516, 'EL-0040', 1, 'ENCLOSURE 100AT 2POLE BOLT ON CB IN NEMA 3R', 1, 3, 0, 0, NULL, 0, NULL, 0),
(517, 'EL-0041', 1, 'ENCLOSURE 150AT 2POLE BOLT ON CB IN NEMA 3R', 18, 2, 5, 0, NULL, 0, NULL, 5),
(518, 'EL-0042', 1, 'ENCLOSURE 200AT 2POLE BOLT ON CB IN NEMA 3R', 8, 3, 20, 0, NULL, 0, NULL, 20),
(519, 'EL-0043', 1, 'FIRE EXIT SIGN', 1, 2, 194, 0, NULL, 2, NULL, 192),
(520, 'EL-0044', 1, 'FITTING T8 LED', 1, 4, 4, 0, NULL, 0, NULL, 4),
(521, 'EL-0045', 1, 'FLOOD LIGHT LED 220V 10 WATTS (OMNI) (FSL)', 1, 3, 64, 0, NULL, 0, NULL, 64),
(522, 'EL-0046', 1, 'FLOOD LIGHT LED 220V 20 WATTS (ORBIK) (FSL)', 1, 1, 61, 0, NULL, 5, NULL, 56),
(523, 'EL-0047', 1, 'FLOOD LIGHT LED 220V 30 WATTS (OMNI) (ORBIK)', 1, 4, 0, 0, NULL, 0, NULL, 0),
(524, 'EL-0048', 1, 'FLOOD LIGHT LED 220V 50 WATTS (OMNI) (FSL)', 1, 3, 0, 0, NULL, 0, NULL, 0),
(525, 'EL-0049', 1, 'FLOOD LIGHT LED 220V 90 WATTS (FSL).', 1, 4, 1, 0, NULL, 0, NULL, 1),
(526, 'EL-0050', 1, 'LIGHT LED 220V 100 WATTS (OMNI) (FSL)', 1, 3, 0, 0, NULL, 0, NULL, 0),
(527, 'EL-0051', 1, 'FLOOD LIGHT LED 220V 200 WATTS (OMNI) (FSL). ', 1, 3, 0, 0, NULL, 0, NULL, 0),
(528, 'EL-0052', 1, 'FLOURESCENT FIXTURE BOX TYPE ', 6, 4, 314, 0, NULL, 0, NULL, 314),
(529, 'EL-0053', 1, 'FLOURESCENT LAMP L18 WATTS /765 ', 1, 1, 0, 0, NULL, 0, NULL, 0),
(530, 'EL-0054', 1, 'FLOURESCENT LAMP T5 28 WATTS', 1, 2, 0, 0, NULL, 0, NULL, 0),
(531, 'EL-0055', 1, 'FLOURESCENT LAMP LED T8 36 WATTS', 1, 3, 0, 0, NULL, 0, NULL, 0),
(532, 'EL-0056', 1, 'INDUSTRIAL WALL EXHAUST FAN 16', 1, 2, 6, 0, NULL, 0, NULL, 6),
(533, 'EL-0057', 1, 'JUNCTION BOX ORANGE', 1, 4, 272, 0, NULL, 0, NULL, 272),
(534, 'EL-0058', 1, 'KNITTED GLOVES W/ BLACK PADDING', 4, 3, 0, 0, NULL, 0, NULL, 0),
(535, 'EL-0059', 1, 'LAMP/BULB LED E27, 5 WATTS, DAYLIGHT', 1, 2, 0, 0, NULL, 0, NULL, 0),
(536, 'EL-0060', 1, 'LAMP/BULB LED E27, 7 WATTS, DAYLIGHT ', 1, 2, 290, 0, NULL, 0, NULL, 290),
(537, 'EL-0061', 1, 'LAMP/BULB LED E27, 9 WATTS, DAYLIGHT ', 1, 4, 200, 0, NULL, 0, NULL, 200),
(538, 'EL-0062', 1, 'LAMP/BULB LED E27, 9.5 WATTS, DAYLIGHT', 1, 2, 96, 0, NULL, 0, NULL, 96),
(539, 'EL-0063', 1, 'LAMP/BULB LED E27, 10 WATTS, DAYLIGHT', 1, 2, 4, 0, NULL, 0, NULL, 4),
(540, 'EL-0064', 1, 'LAMP/BULB LED E27, 15 WATTS, DAYLIGHT', 1, 2, 0, 0, NULL, 0, NULL, 0),
(541, 'EL-0065', 1, 'LAMP TUBULAR T8 LED (18 WATTS}', 1, 3, 401, 0, NULL, 315, NULL, 86),
(542, 'EL-0066', 1, 'LOOMEX CABLE 1.6 SQ.M., (150 MTS/ ROLL)', 9, 2, 0, 0, NULL, 0, NULL, 0),
(543, 'EL-0067', 1, 'LOOMEX CABLE 2.0 SQ.M., (150 MTS/ ROLL)', 9, 2, 0, 0, NULL, 0, NULL, 0),
(544, 'EL-0068', 1, 'METAL BOX SURFACE', 1, 4, 0, 0, NULL, 0, NULL, 0),
(545, 'EL-0069', 1, 'MICA TUBE 1/2\" DIA', 8, 3, 0, 0, NULL, 0, NULL, 0),
(546, 'EL-0070', 1, 'MICA TUBE 3/8\" DIA', 8, 2, 0, 0, NULL, 0, NULL, 0),
(547, 'EL-0071', 1, 'MOULDING PVC 1\"', 1, 2, 0, 0, NULL, 0, NULL, 0),
(548, 'EL-0072', 1, 'MOULDING PVC 1-1/2 X 1-1/2', 1, 1, 0, 0, NULL, 0, NULL, 0),
(549, 'EL-0073', 1, 'MOUNTED DOWNLIGHT LED SLIM TYPE SQUARE SUR ', 1, 1, 92, 0, NULL, 10, NULL, 82),
(550, 'EL-0074', 1, 'MOUNTED DOWNLIGHT LED SLIM TYPE SQUARE SUR ', 1, 1, 114, 0, NULL, 1, NULL, 113),
(551, 'EL-0075', 1, 'MOUNTED DOWNLIGHT LED SLIM TYPE SQUARE REQ', 1, 2, 130, 0, NULL, 0, NULL, 130),
(552, 'EL-0076', 1, 'MULTI-CONDUCTOR CABLE 2.0 SQ.MM 75MTS/ROLL ', 9, 2, 4, 0, NULL, 0, NULL, 4),
(553, 'EL-0077', 1, 'NETWORKING CABLE (D-LINK)', 8, 2, 0, 0, NULL, 0, NULL, 0),
(554, 'EL-0078', 1, 'OUTLET DUPLEX CONVENIENCE UNIVERSAL', 1, 3, 0, 0, NULL, 0, NULL, 0),
(555, 'EL-0079', 1, 'OUTLET SINGLE CONVENIENCE', 1, 4, 4, 0, NULL, 0, NULL, 4),
(556, 'EL-0080', 1, 'PLATE COVER 1 GANG OMNI', 1, 1, 18, 0, NULL, 0, NULL, 18),
(557, 'EL-0081', 1, 'PLATE COVER 3 GANG OMNI', 1, 4, 30, 0, NULL, 0, NULL, 30),
(558, 'EL-0082', 1, 'PLATE COVER 1 GANG PANASONIC', 1, 4, 0, 0, NULL, 0, NULL, 0),
(559, 'EL-0083', 1, 'PLATE COVER 2 GANG PANASONIC', 1, 3, 40, 0, NULL, 0, NULL, 40),
(560, 'EL-0084', 1, 'PLATE COVER 1 GANG ROYU', 1, 4, 0, 0, NULL, 0, NULL, 0),
(561, 'EL-0085', 1, 'PLATE COVER DOUBLE WINDOW, WIDE SERIES', 1, 3, 0, 0, NULL, 0, NULL, 0),
(562, 'EL-0086', 1, 'PLATE COVER SINGLE WINDOW, WIDE SERIES', 1, 2, 0, 0, NULL, 0, NULL, 0),
(563, 'EL-0087', 1, 'PLATE COVER THREE WINDOW, WIDE SERIES', 1, 2, 0, 0, NULL, 0, NULL, 0),
(564, 'EL-0088', 1, 'RECEPTACLE PVC 4 X 4', 1, 2, 0, 0, NULL, 0, NULL, 0),
(565, 'EL-0089', 1, 'RECEPTACLE SINGLE TANDEM GROUNDING 250V ', 1, 4, 0, 0, NULL, 0, NULL, 0),
(566, 'EL-0090', 1, 'RUBBER PLUG, HEAVY DUTY', 1, 1, 0, 0, NULL, 0, NULL, 0),
(567, 'EL-0091', 1, 'SCREW METAL 1\" X 10MM', 1, 2, 2350, 0, NULL, 2, NULL, 2248),
(568, 'EL-0092', 1, 'SCREW METAL 1 1/2\" X 10MM', 1, 1, 2370, 0, NULL, 10, NULL, 2360),
(569, 'EL-0093', 1, 'SINGLE SWITCH', 1, 1, 438, 0, NULL, 3, NULL, 435),
(570, 'EL-0094', 1, 'STARTER HOLDER', 1, 3, 0, 0, NULL, 0, NULL, 0),
(571, 'EL-0095', 1, 'STARTER 40 WATTS', 1, 4, 500, 0, NULL, 0, NULL, 500),
(572, 'EL-0096', 1, 'WIRE FLAT CORD PARALLEL SPT-1 (0.30mm2/2C)', 9, 3, 4, 0, NULL, 0, NULL, 4),
(573, 'EL-0097', 1, 'WIRE FLAT CORD #14 AWG STRANDED WIRE, 150M/R', 9, 1, 7, 0, NULL, 0, NULL, 7),
(574, 'EL-0098', 1, 'WIRE FLAT CORD #16 AWG STRANDED WIRE 150M/R', 9, 3, 16, 0, NULL, 0, NULL, 16),
(575, 'EL-0099', 1, 'WIRE STRANDED #14 DURAPLEX 2.0', 9, 1, 4, 0, NULL, 0, NULL, 4),
(576, 'EL-0100', 1, 'WIRE STRANDED #10 PHIL FLEX THHN 5.5', 9, 4, 0, 0, NULL, 0, NULL, 0),
(577, 'EL-0101', 1, 'WIRE STRANDED #4', 9, 3, 0, 0, NULL, 0, NULL, 0),
(578, 'EL-0102', 1, 'WIRE STRANDED #6', 9, 3, 0, 0, NULL, 0, NULL, 0),
(579, 'EL-0103', 1, 'WIRE STRANDED #8 (8.0 SQ. MM), THHN, 150MTS/ROLL', 9, 3, 0, 0, NULL, 0, NULL, 0),
(580, 'EL-0104', 1, 'WIRE STRANDED #12 (3.5 SQ. MM), THHN, 150MTS./ROLL', 9, 4, 0, 0, NULL, 0, NULL, 0),
(581, 'EL-0105', 1, 'SWITCH \"C\" 3 WAY, PANASONIC', 1, 2, 0, 0, NULL, 0, NULL, 0),
(582, 'EL-0106', 1, 'UTILITY BOX (ORANGE)', 1, 1, 0, 0, NULL, 0, NULL, 0),
(583, 'PA-0001', 2, 'BRUSH #1\"', 1, 1, 608, 0, NULL, 6, NULL, 602),
(584, 'PA-0002', 2, 'BRUSH #2\"', 1, 4, 492, 0, NULL, 20, NULL, 492),
(585, 'PA-0003', 2, 'BRUSH #3\"', 1, 4, 0, 0, NULL, 0, NULL, 0),
(586, 'PA-0004', 2, 'BRUSH #4\"', 1, 3, 0, 0, NULL, 0, NULL, 0),
(587, 'PA-0005', 2, 'CONTACT CLEANER, 400 ml', 1, 2, 0, 0, NULL, 0, NULL, 0),
(588, 'PA-0006', 2, 'GLOVES COTTON GLOVES (1 DOZEN/ BUNDLE)', 1, 2, 3544, 0, NULL, 45, NULL, 3499),
(589, 'PA-0007', 2, 'LACQUER AUTOMOTIVE', 1, 4, 0, 0, NULL, 2, NULL, 0),
(590, 'PA-0008', 2, 'LACQUER CLEAR GLOSS', 1, 2, 0, 0, NULL, 0, NULL, 0),
(591, 'PA-0009', 2, 'LACQUER FLO', 1, 2, 28, 0, NULL, 0, NULL, 27),
(592, 'PA-0010', 2, 'LACQUER THINNER', 1, 2, 26, 0, NULL, 0, NULL, 24),
(593, 'PA-0011', 2, 'MANSORY PUTTY', 1, 2, 10, 0, NULL, 0, NULL, 10),
(594, 'PA-0012', 2, 'PAINT ACRYLIC LATEX HANSA YELLOW', 1, 1, 154, 0, NULL, 0, NULL, 154),
(595, 'PA-0013', 2, 'PAINT ACRYLIC LATEX LAMP BLACK', 1, 4, 79, 0, NULL, 0, NULL, 79),
(596, 'PA-0014', 2, 'PAINT ACRYLIC LATEX RAW SIENNA', 1, 1, 80, 0, NULL, 1, NULL, 79),
(597, 'PA-0015', 2, 'PAINT ACRYLIC LATEX THALO BLUE ', 1, 1, 92, 0, NULL, 0, NULL, 92),
(598, 'PA-0016', 2, 'PAINT ACRYLIC LATEX THALODINE RED', 1, 3, 77, 0, NULL, 1, NULL, 76),
(599, 'PA-0017', 2, 'PAINT ACRYLIC LATEX VENETIAN RED', 1, 4, 2, 0, NULL, 0, NULL, 2),
(600, 'PA-0018', 2, 'PAINT ALUMINUM SILVER', 1, 4, 65, 0, NULL, 9, NULL, 56),
(601, 'PA-0019', 2, 'PAINT BLACK QUICK DRY ENAMEL PREMIUM QUALITY', 1, 4, 175, 0, NULL, 0, NULL, 175),
(602, 'PA-0020', 2, 'PAINT BROWN QUICK DRY ENAMEL PREMIUM QUALITY', 1, 4, 230, 0, NULL, 6, NULL, 230),
(603, 'PA-0021', 2, 'PAINT FLAT WALL ENAMEL (WHITE)', 1, 3, 86, 0, NULL, 7, NULL, 79),
(604, 'PA-0022', 2, 'PAINT GREEN QUICK DRY ENAMEL', 1, 1, 9, 0, NULL, 0, NULL, 9),
(605, 'PA-0023', 2, 'PAINT LATEX FLAT (WHITE)', 1, 3, 182, 0, NULL, 5, NULL, 177),
(606, 'PA-0024', 2, 'PAINT LATEX GLOSS BOYSEN', 1, 4, 0, 0, NULL, 0, NULL, 0),
(607, 'PA-0025', 2, 'PAINT LATEX SEMI-GLOSS (OFF WHITE-PUP)', 1, 1, 173, 0, NULL, 4, NULL, 169),
(608, 'PA-0026', 2, 'PAINT LATEX SEMI-GLOSS (WHITE)', 1, 2, 221, 0, NULL, 1, NULL, 220),
(609, 'PA-0027', 2, 'PAINT LATEX TILE (RED)', 1, 2, 96, 0, NULL, 9, NULL, 87),
(610, 'PA-0028', 2, 'PAINT MAHOGANY QUICK DRY ENAMEL', 1, 4, 0, 0, NULL, 0, NULL, 0),
(611, 'PA-0029', 2, 'PAINT MAPPLE QUICK DRY ENAMEL MAPPLE', 1, 3, 9, 0, NULL, 0, NULL, 9),
(612, 'PA-0030', 2, 'PAINT MAROON QUICK DRY ENAMEL MAROON PREMIUM ', 1, 1, 75, 0, NULL, 1, NULL, 74),
(613, 'PA-0031', 2, 'PAINT RED OXIDE PRIMER', 1, 1, 0, 0, NULL, 0, NULL, 0),
(614, 'PA-0032', 2, 'PAINT ROOF GUARD BAGUIO GREEN BOYSEN', 1, 2, 1, 0, NULL, 0, NULL, 1),
(615, 'PA-0033', 2, 'PAINT ROOF GUARD SPANISH RED PREMIUM QUALITY', 1, 3, 436, 0, NULL, 1, NULL, 435),
(616, 'PA-0034', 2, 'PAINT SCHOOL BOARD', 1, 3, 19, 0, NULL, 0, NULL, 19),
(617, 'PA-0035', 2, 'PAINT SILVER GRAY QUICK DRY ENAMEL', 1, 2, 0, 0, NULL, 0, NULL, 0),
(618, 'PA-0036', 2, 'PAINT THINNER', 1, 2, 65, 0, NULL, 5, NULL, 60),
(619, 'PA-0037', 2, 'PAINT TRAFFIC YELLOW', 1, 3, 61, 0, NULL, 1, NULL, 60),
(620, 'PA-0038', 2, 'PAINT WHITE QUICK DRY ENAMEL PREMIUM QUALITY', 1, 4, 257, 0, NULL, 5, NULL, 252),
(621, 'PA-0039', 2, 'PALETA/PUTTY KNIFE WITHOUT HANDLE', 1, 3, 61, 0, NULL, 11, NULL, 50),
(622, 'PA-0040', 2, 'PATCHING COMPOUND', 1, 4, 154, 0, NULL, 25, NULL, 129),
(623, 'PA-0041', 2, 'ROLLER BRUSH COTTON 4\"', 1, 1, 190, 0, NULL, 31, NULL, 159),
(624, 'PA-0042', 2, 'ROLLER BRUSH FOAM 4\"', 1, 4, 0, 0, NULL, 0, NULL, 0),
(625, 'PA-0043', 2, 'ROLLER BRUSH 7\"', 1, 3, 232, 0, NULL, 11, NULL, 221),
(626, 'PA-0044', 2, 'RUGS COTTON ROUND WHITE', 1, 1, 24, 0, NULL, 0, NULL, 24),
(627, 'PA-0045', 2, 'SAND PAPER 60', 1, 1, 650, 0, NULL, 0, NULL, 650),
(628, 'PA-0046', 2, 'SAND PAPER 80', 1, 3, 530, 0, NULL, 0, NULL, 530),
(629, 'PA-0047', 2, 'SAND PAPER 100', 1, 2, 32, 0, NULL, 8, NULL, 24),
(630, 'PA-0048', 2, 'SAND PAPER #320 GRIT, 9\" X 11\"', 1, 1, 2806, 0, NULL, 10, NULL, 2796),
(631, 'PA-0049', 2, 'SKIM COAT', 1, 3, 40, 0, NULL, 2, NULL, 38),
(632, 'PA-0050', 2, 'SPATULA NO.2 W/WOODEN HANDLE', 1, 2, 138, 0, NULL, 4, NULL, 134),
(633, 'PA-0051', 2, 'WATER PROOFING CEMENTITIOUS', 1, 2, 0, 0, NULL, 0, NULL, 0),
(634, 'PA-0052', 2, 'WATER PROOFING ELASTOMETRIC PAINT (WHITE)', 1, 1, 74, 0, NULL, 0, NULL, 74),
(635, 'PA-0053', 2, 'WOOD STAIN MAHOGANY', 1, 1, 70, 0, NULL, 0, NULL, 70),
(636, 'PA-0054', 2, 'WOOD STAIN MAPPLE', 1, 4, 28, 0, NULL, 3, NULL, 25),
(637, 'AT-0001', 3, 'ACCESS VALVE', 1, 3, 493, 0, NULL, 17, NULL, 476),
(638, 'AT-0002', 3, 'AIRCON SWITCH HONEY WELL', 1, 2, 29, 0, NULL, 0, NULL, 29),
(639, 'AT-0003', 3, 'AERO TAPE', 1, 2, 29, 0, NULL, 2, NULL, 27),
(640, 'AT-0004', 3, 'BUTANE GAS BLOW TORCH HEAD', 1, 3, 10, 0, NULL, 0, NULL, 10),
(641, 'AT-0005', 3, 'BULLET FILTER', 1, 2, 0, 0, NULL, 0, NULL, 0),
(642, 'AT-0006', 3, 'CABLE TIE 2.5 x100mm 100/pcs', 1, 4, 5200, 0, NULL, 120, NULL, 5080),
(643, 'AT-0007', 3, 'CABLE TIE 3.5x 100mm 100/pcs', 1, 3, 1300, 0, NULL, 350, NULL, 950),
(644, 'AT-0008', 3, 'CAPACITOR, 5 uF', 1, 3, 49, 0, NULL, 3, NULL, 46),
(645, 'AT-0009', 3, 'CAPACITOR, 7 uF', 1, 3, 44, 0, NULL, 0, NULL, 44),
(646, 'AT-0010', 3, 'CAPACITOR, 7.5 uF', 1, 3, 10, 0, NULL, 0, NULL, 10),
(647, 'AT-0011', 3, 'CAPACITOR 8 uF', 1, 2, 50, 0, NULL, 1, NULL, 49),
(648, 'AT-0012', 3, 'CAPACITOR, 30+7 uF', 1, 2, 107, 0, NULL, 0, NULL, 107),
(649, 'AT-0013', 3, 'CAPACITOR 60 uF', 1, 1, 25, 0, NULL, 3, NULL, 22),
(650, 'AT-0014', 3, 'CAPACITOR 40 uF', 1, 4, 25, 0, NULL, 1, NULL, 24),
(651, 'AT-0015', 3, 'CAPACITOR, 45+7 uF', 1, 3, 21, 0, NULL, 1, NULL, 20),
(652, 'AT-0016', 3, 'CAPACITOR, 50+7 uF', 1, 1, 22, 0, NULL, 1, NULL, 21),
(653, 'AT-0017', 3, 'COMPRESOR 2 HORSE POWER 2K25', 1, 1, 4, 0, NULL, 0, NULL, 4),
(654, 'AT-0018', 3, 'COMPRESOR 2 HORSE POWER 2K28', 1, 4, 4, 0, NULL, 4, NULL, 0),
(655, 'AT-0019', 3, 'COMPRESOR 3 TANNER', 1, 1, 2, 0, NULL, 0, NULL, 2),
(656, 'AT-0020', 3, 'COMPRESOR 5 TANNER', 1, 3, 2, 0, NULL, 0, NULL, 2),
(657, 'AT-0021', 3, 'COMPOUND GAUGE WITH COMPOUND', 1, 3, 6, 0, NULL, 0, NULL, 6),
(658, 'AT-0022', 3, 'COPPER TUBE 1/8 50ft/roll', 9, 1, 6, 0, NULL, 0, NULL, 6),
(659, 'AT-0023', 3, 'COPPER TUBE 1/4 50ft/roll', 9, 4, 10, 0, NULL, 5, NULL, 10),
(660, 'AT-0024', 3, 'COPPER TUBE 1/2 50ft/roll', 19, 1, 350, 0, NULL, 0, NULL, 345),
(661, 'AT-0025', 3, 'COPPER TUBE 3/16 50ft/roll', 9, 2, 8, 0, NULL, 0, NULL, 8),
(662, 'AT-0026', 3, 'COPPER TUBE 3/8 50ft/roll', 19, 3, 250, 0, NULL, 3, NULL, 247),
(663, 'AT-0027', 3, 'COPPER TUBE 5/8 50ft/roll', 9, 3, 1, 0, NULL, 0, NULL, 1),
(664, 'AT-0028', 3, 'CUTTING DISC', 1, 2, 0, 0, NULL, 0, NULL, 0),
(665, 'AT-0029', 3, 'FLAT BAR 1 x 3/16 x 20', 1, 1, 0, 0, NULL, 0, NULL, 0),
(666, 'AT-0030', 3, 'FLAT BAR 1-1/2\" x 3/16 x 20', 1, 2, 88, 0, NULL, 0, NULL, 88),
(667, 'AT-0031', 3, 'FREON (R-141B, 30 KG./ DRUM)', 20, 4, 25, 0, NULL, 1, NULL, 24),
(668, 'AT-0032', 3, 'FREON (R-22 13.6 KG / TANK)', 5, 1, 226, 0, NULL, 13, NULL, 213),
(669, 'AT-0033', 3, 'FREON (R410A, 11.3 KG./ TANK)', 5, 1, 272, 0, NULL, 44, NULL, 230),
(670, 'AT-0034', 3, 'MANIFOLD HOSE, 3 HOSE/ SET 3 FT', 6, 1, 15, 0, NULL, 0, NULL, 15),
(671, 'AT-0035', 3, 'MAPP GAS WITH TANK 453.6 G./TANK', 10, 3, 0, 0, NULL, 0, NULL, 0),
(672, 'AT-0036', 3, 'MOTOR FAN BEARING 1/2', 1, 2, 0, 0, NULL, 0, NULL, 0),
(673, 'AT-0037', 3, 'RUST REMOVER/ PENETRATING OIL', 7, 3, 84, 0, NULL, 4, NULL, 80),
(674, 'AT-0038', 3, 'SILVER ROD', 1, 2, 1030, 0, NULL, 40, NULL, 990),
(675, 'AT-0039', 3, 'WELDING GLOVES (LEATHER): HEAVY', 4, 3, 2, 0, NULL, 0, NULL, 2),
(676, 'AT-0040', 3, 'WELDING MASK', 1, 2, 10, 0, NULL, 0, NULL, 10),
(677, 'AT-0041', 3, 'WELDING ROD', 17, 2, 146, 0, NULL, 3, NULL, 143),
(678, 'CM-0001', 4, 'ACOUSTIC BOARD 4.5 MM X 4 X 8', 1, 3, 0, 0, NULL, 0, NULL, 309),
(679, 'CM-0002', 4, 'ADHESIVE TILE 25KG.', 11, 1, 0, 0, NULL, 0, NULL, 0),
(680, 'CM-0003', 4, 'ANGLE BAR 1 X 1 X 20 X 3MM', 1, 3, 63, 0, NULL, 12, NULL, 51),
(681, 'CM-0004', 4, 'ANGLE BAR 1 1/2 X 1 1/2 X 20 X 4MM', 1, 3, 21, 0, NULL, 0, NULL, 21),
(682, 'CM-0005', 4, 'ANGLE BAR 2 X 2 X 20 X 4MM', 1, 1, 53, 0, NULL, 0, NULL, 53),
(683, 'CM-0006', 4, 'BARREL BOLT 3, CHROME', 1, 3, 0, 0, NULL, 0, NULL, 0),
(684, 'CM-0007', 4, 'BISTAY SAND', 1, 4, 0, 0, NULL, 0, NULL, 0),
(685, 'CM-0008', 4, 'BLIND RIVETS 1/8 X 1/2', 1, 1, 32, 0, NULL, 2, NULL, 30),
(686, 'CM-0009', 4, 'BLIND RIVETS 5/32 X 3/16', 17, 2, 0, 0, NULL, 0, NULL, 0),
(687, 'CM-0010', 4, 'BLIND RIVETS 5/32 X 1/4', 17, 2, 18, 0, NULL, 0, NULL, 18),
(688, 'CM-0011', 4, 'BLIND RIVETS 5/32 X 1/2', 17, 3, 14, 0, NULL, 0, NULL, 14),
(689, 'CM-0012', 4, 'BLIND RIVETS 5/32 X 3/4', 17, 3, 19, 0, NULL, 1, NULL, 18),
(690, 'CM-0013', 4, 'BROOM STICK', 1, 1, 788, 0, NULL, 0, NULL, 788),
(691, 'CM-0014', 4, 'CARRYING CHANNEL 1.0 MM X 12 MM X 38MM X 5 MM', 1, 1, 65, 0, NULL, 0, NULL, 65),
(692, 'CM-0015', 4, 'CMT MAIN TEE 1 X 6M', 1, 1, 0, 0, NULL, 0, NULL, 0),
(693, 'CM-0016', 4, 'CMT TEE RUNNER 1x 4', 1, 2, 0, 0, NULL, 0, NULL, 0),
(694, 'CM-0017', 4, 'CORROGATED SHEET G.I.', 1, 2, 502, 0, NULL, 15, NULL, 487),
(695, 'CM-0018', 4, 'DEAD BOLT LOCKSET; SINGLE CYLINDER', 1, 1, 274, 0, NULL, 5, NULL, 269),
(696, 'CM-0019', 4, 'DEFORMED BAR 10MM X 20', 1, 1, 102, 0, NULL, 0, NULL, 102),
(697, 'CM-0020', 4, 'DEFORMED BAR 12MM X 20', 1, 3, 99, 0, NULL, 0, NULL, 99),
(698, 'CM-0021', 4, 'DOOR CLOSER, LIGHT/COMMERCIAL (FOR WOOD)', 1, 3, 118, 0, NULL, 14, NULL, 104),
(699, 'CM-0022', 4, 'DOOR HANDLE ANTIQUE 5', 1, 4, 100, 0, NULL, 28, NULL, 72),
(700, 'CM-0023', 4, 'DOOR HANDLE ANTIQUE 6', 1, 4, 309, 0, NULL, 0, NULL, 309),
(701, 'CM-0024', 4, 'DOOR HINGES 3\" X 3\" BRASS', 4, 2, 266, 0, NULL, 24, NULL, 242),
(702, 'CM-0025', 4, 'DOOR KNOB LOCKSET LIGHT/COMMERCIAL', 1, 3, 440, 0, NULL, 44, NULL, 396),
(703, 'CM-0026', 4, 'DOUBLE FURRING 0.50MM X 19 MM X 50 MM X 5M', 1, 2, 0, 0, NULL, 0, NULL, 0),
(704, 'CM-0027', 4, 'DRILL BIT CONCRETE 1/4', 1, 3, 8, 0, NULL, 0, NULL, 8),
(705, 'CM-0028', 4, 'DRILL BIT CONCRETE 1/2', 1, 3, 14, 0, NULL, 1, NULL, 13),
(706, 'CM-0029', 4, 'DRILL BIT CONCRETE 3/16', 1, 2, 421, 0, NULL, 2, NULL, 419),
(707, 'CM-0030', 4, 'DYNABOLT 1/4 DIAMETER', 1, 3, 568, 0, NULL, 6, NULL, 562),
(708, 'CM-0031', 4, 'DYNABOLT 1/2 DIAMETER', 1, 4, 10, 0, NULL, 0, NULL, 10),
(709, 'CM-0032', 4, 'FIBER CEMENT BOARD (HARDIFLEX)', 1, 2, 0, 0, NULL, 0, NULL, 0),
(710, 'CM-0033', 4, 'FLAT BAR 1 1/2 X 3/16 X 20', 1, 1, 88, 0, NULL, 1, NULL, 87),
(711, 'CM-0034', 4, 'FLOURESCENT VEST RETROEFFECTIVE STRIPS (GREEN)', 1, 3, 18, 0, NULL, 0, NULL, 18),
(712, 'CM-0035', 4, 'FLOURESCENT VEST RETROEFFECTIVE STRIPS (ORANGE)', 1, 2, 59, 0, NULL, 0, NULL, 59),
(713, 'CM-0036', 4, 'FORMICA WHITE 8 X 4', 1, 3, 320, 0, NULL, 1, NULL, 319),
(714, 'CM-0037', 4, 'GARBAGE BAG BLACK', 1, 3, 23000, 0, NULL, 520, NULL, 22480),
(715, 'CM-0038', 4, 'GARBAGE BAG TRANSPARENT', 1, 4, 43015, 0, NULL, 0, NULL, 43015),
(716, 'CM-0039', 4, 'GARDEN SICKLE WOODEN HANDLE', 1, 4, 6, 0, NULL, 0, NULL, 6),
(717, 'CM-0040', 4, 'GRASS CUTTER SHEAR WITH LONG WOOD', 1, 2, 34, 0, NULL, 0, NULL, 34),
(718, 'CM-0041', 4, 'GROUT TILE 2KG. BEIGE', 19, 3, 32, 0, NULL, 0, NULL, 32),
(719, 'CM-0042', 4, 'GYPSUM BOARD', 1, 4, 0, 0, NULL, 0, NULL, 0),
(720, 'CM-0043', 4, 'HACKSAW W/BLADE 12 T18', 1, 3, 10, 0, NULL, 2, NULL, 8),
(721, 'CM-0044', 4, 'HOLE SAWS SET', 1, 2, 15, 0, NULL, 0, NULL, 15),
(722, 'CM-0045', 4, 'HOLE SAWS SET RANGING 16MM/ 30MM FOR WOOD', 1, 2, 0, 0, NULL, 0, NULL, 0),
(723, 'CM-0046', 4, 'LAWANIT, DANARRA PLYWOOD', 1, 4, 0, 0, NULL, 0, NULL, 0),
(724, 'CM-0047', 4, 'NAIL COMMON WIRE NO. 1 (25 KILOS/ KEG)', 19, 1, 251, 0, NULL, 0, NULL, 251),
(725, 'CM-0048', 4, 'NAIL COMMON WIRE NO. 2 (25 KILOS/ KEG)', 19, 3, 244, 0, NULL, 0, NULL, 244),
(726, 'CM-0049', 4, 'NAIL COMMON WIRE NAIL NO. 3 (25 KILOS/ KEG)', 19, 2, 271, 0, NULL, 0, NULL, 271),
(727, 'CM-0050', 4, 'NAIL COMMON WIRE NAIL NO. 4 (25 KILOS/ KEG)', 19, 4, 97, 0, NULL, 0, NULL, 97),
(728, 'CM-0051', 4, 'NAIL CONCRETE NO. 1', 19, 2, 120, 0, NULL, 0, NULL, 120),
(729, 'CM-0052', 4, 'NAIL CONCRETE NO. 1/12', 19, 2, 0, 0, NULL, 0, NULL, 0),
(730, 'CM-0053', 4, 'NAIL CONCRETE NO. 2', 19, 3, 75, 0, NULL, 0, NULL, 75),
(731, 'CM-0054', 4, 'NAIL CONCRETE NO. 3 (25 KILOS/KEG)', 19, 4, 68, 0, NULL, 0, NULL, 68),
(732, 'CM-0055', 4, 'NAIL FINISHING 1 (25 KILOS/ KEG)', 19, 2, 352, 0, NULL, 0, NULL, 352),
(733, 'CM-0056', 4, 'NAIL FINISHING 1 1/2 (25 KILOS/KEG)', 19, 4, 238, 0, NULL, 0, NULL, 238),
(734, 'CM-0057', 4, 'NAIL FINISHING 2 (25 KILOS/ KEG)', 19, 3, 281, 0, NULL, 0, NULL, 281),
(735, 'CM-0058', 4, 'NAIL FINISHING 3 (25 KILOS/ KEG)', 19, 3, 25, 0, NULL, 0, NULL, 25),
(736, 'CM-0059', 4, 'NAIL HAMMER', 1, 1, 0, 0, NULL, 0, NULL, 0),
(737, 'CM-0060', 4, 'NAIL UMBRELLA', 19, 1, 72, 0, NULL, 2, NULL, 70),
(738, 'CM-0061', 4, 'NYLON ROPE 12 MM', 9, 3, 1, 0, NULL, 0, NULL, 1),
(739, 'CM-0062', 4, 'PIANO HINGES 10', 1, 3, 129, 0, NULL, 1, NULL, 128),
(740, 'CM-0063', 4, 'PLAIN SHEET G.I.', 1, 1, 32, 0, NULL, 18, NULL, 14),
(741, 'CM-0064', 4, 'PLYWOOD 1/4 X 4 X 8', 1, 4, 302, 0, NULL, 30, NULL, 272),
(742, 'CM-0065', 4, 'PLYWOOD 1/2 X 4 X 8', 1, 2, 428, 0, NULL, 10, NULL, 418),
(743, 'CM-0066', 4, 'PLYWOOD 3/4 X 4 X 8 Marine', 1, 3, 300, 0, NULL, 26, NULL, 274),
(744, 'CM-0067', 4, 'PODLOCK 40MM', 1, 3, 669, 0, NULL, 2, NULL, 667),
(745, 'CM-0068', 4, 'PODLOCK 50MM', 1, 1, 305, 0, NULL, 6, NULL, 299),
(746, 'CM-0069', 4, 'PODLOCK 60MM', 1, 3, 71, 0, NULL, 0, NULL, 71),
(747, 'CM-0070', 4, 'PODLOCK, HEAVY DUTY, BODY MATERIALS 40mm', 1, 3, 0, 0, NULL, 0, NULL, 0),
(748, 'CM-0071', 4, 'PODLOCK, HEAVY DUTY, BODY MATERIALS 50mm', 1, 3, 0, 0, NULL, 1, NULL, -1),
(749, 'CM-0072', 4, 'PORTLAND CEMENT', 11, 1, 45, 0, NULL, 7, NULL, 38),
(750, 'CM-0073', 4, 'RAINCOAT WITH HOOD (PANCHO TYPE)', 1, 2, 34, 0, NULL, 0, NULL, 34),
(751, 'CM-0074', 4, 'RAKE/KALAYKAY', 1, 3, 43, 0, NULL, 0, NULL, 43),
(752, 'CM-0075', 4, 'RO. TANG. 2 X 2 X 8', 1, 4, 0, 0, NULL, 0, NULL, 0),
(753, 'CM-0076', 4, 'RO. TANG. 2 X 2 X 10', 1, 2, 0, 0, NULL, 0, NULL, 0),
(754, 'CM-0077', 4, 'ROUND BAR 10MM X 20', 1, 3, 153, 0, NULL, 10, NULL, 143),
(755, 'CM-0078', 4, 'ROUND BAR 12MM X 20', 1, 4, 111, 0, NULL, 0, NULL, 111),
(756, 'CM-0079', 4, 'RUGBY', 20, 1, 18, 0, NULL, 0, NULL, 18),
(757, 'CM-0080', 4, 'SAFETY RUBBER BOOTS SIZE 10', 4, 3, 76, 0, NULL, 0, NULL, 76),
(758, 'CM-0081', 4, 'SAFETY SOLVENT DEGREASER, HEAVY DUTY', 12, 3, 0, 0, NULL, 0, NULL, 0),
(759, 'CM-0082', 4, 'SAW BLADE FOR WOOD 12 X 40T', 1, 1, 18, 0, NULL, 0, NULL, 18),
(760, 'CM-0083', 4, 'SAW BLADE FOR WOOD CIRCULAR', 1, 2, 8, 0, NULL, 0, NULL, 8),
(761, 'CM-0084', 4, 'SCREW (BLACK) 1 FOR METAL', 1, 2, 2030, 0, NULL, 0, NULL, 2030),
(762, 'CM-0085', 4, 'SCREW (BLACK) 1 FOR WOOD', 1, 3, 0, 0, NULL, 0, NULL, 0),
(763, 'CM-0086', 4, 'SEWER ROAD PLEHE 1/2 X 1/8 X 25FT.', 1, 2, 9, 0, NULL, 0, NULL, 9),
(764, 'CM-0087', 4, 'SEWER ROAD PLEHE 1/2 X 1/8 X 50FT.', 1, 4, 6, 0, NULL, 0, NULL, 6),
(765, 'CM-0088', 4, 'SIGNAGES WET FLOOR', 1, 3, 62, 0, NULL, 0, NULL, 62),
(766, 'CM-0089', 4, 'STAINLESS PLAIN SHEET', 1, 1, 5, 0, NULL, 0, NULL, 5),
(767, 'CM-0090', 4, 'STIKWEL 250 GRMS', 1, 1, 562, 0, NULL, 18, NULL, 544),
(768, 'CM-0091', 4, 'S4S TANG. CORNISE 1 X 3 X 8', 1, 2, 0, 0, NULL, 0, NULL, 0),
(769, 'CM-0092', 4, 'S4S TANG. DOOR CASING 1 X 3 X 8', 1, 1, 0, 0, NULL, 0, NULL, 0),
(770, 'CM-0093', 4, 'S4S TANG. QUARTER C 1 X 1 X 12', 1, 1, 0, 0, NULL, 0, NULL, 0),
(771, 'CM-0094', 4, 'S4S TANG. 1 X 1 5/8 X 10', 1, 3, 912, 0, NULL, 9, NULL, 903),
(772, 'CM-0095', 4, 'S4S TANG. 1 5/8 X 1 5/8 X 10', 1, 3, 269, 0, NULL, 53, NULL, 216),
(773, 'CM-0096', 4, 'S4S TANG. 1 5/8 X 2 5/8 X 10', 1, 3, 80, 0, NULL, 44, NULL, 36),
(774, 'CM-0097', 4, 'S4S TANG. 1 5/8 X 3 5/8 X 10', 1, 2, 146, 0, NULL, 24, NULL, 122),
(775, 'CM-0098', 4, 'S4S TANG. 2 X 6 X 8', 1, 3, 0, 0, NULL, 0, NULL, 0),
(776, 'CM-0099', 4, 'TIE WIRE G.I.', 9, 3, 1, 0, NULL, 0, NULL, 1),
(777, 'CM-0100', 4, 'TILE FLOOR BEIGE 60 X 60 GRANITE', 1, 1, 0, 0, NULL, 0, NULL, 0),
(778, 'CM-0101', 4, 'TILE FLOOR CERAMIC, 12 X 12 FLOOR', 1, 2, 296, 0, NULL, 0, NULL, 296),
(779, 'CM-0102', 4, 'TILE FLOOR CERAMIC, 12 X 12 WALL', 1, 4, 297, 0, NULL, 0, NULL, 297),
(780, 'CM-0103', 4, 'TILE FLOOR CERAMIC, 300MM X 300MM PLAIN BEIGE', 1, 2, 204, 0, NULL, 0, NULL, 204),
(781, 'CM-0104', 4, 'TILE FLOOR GALAXY MAROON 60 X 60 GRANITE', 1, 4, 48, 0, NULL, 0, NULL, 48),
(782, 'CM-0105', 4, 'TILE FLOOR GL DRY PRESSED 300MM X 300MM', 1, 3, 0, 0, NULL, 0, NULL, 0),
(783, 'CM-0106', 4, 'TILE FLOOR LIBERTY IVORY 40 X 40', 1, 3, 234, 0, NULL, 0, NULL, 234),
(784, 'CM-0107', 4, 'TILE FLOOR LIBERTY OCHRE 40 X 40', 1, 2, 15, 0, NULL, 0, NULL, 15),
(785, 'CM-0108', 4, 'TILE FLOOR TILE 300MM X 300MM TENZEN', 1, 3, 200, 0, NULL, 0, NULL, 200),
(786, 'CM-0109', 4, 'TILE FLOOR RED 30 X 30MM TENZEN', 1, 1, 198, 0, NULL, 0, NULL, 198),
(787, 'CM-0110', 4, 'TILES CERAMIC FLOOR 30 X 30 BEIGE UNGLAZED', 1, 3, 400, 0, NULL, 11, NULL, 389),
(788, 'CM-0111', 4, 'TILES CERAMIC FLOOR 30 X 30 WHITE UNGLAZED', 1, 1, 389, 0, NULL, 0, NULL, 389),
(789, 'CM-0112', 4, 'TILES CERAMIC FLOOR 60 X 60', 1, 2, 148, 0, NULL, 0, NULL, 148),
(790, 'CM-0113', 4, 'TILES CERAMIC LIBERTY IVORY 12 X 12', 1, 3, 503, 0, NULL, 0, NULL, 503),
(791, 'CM-0114', 4, 'TILES CERAMIC LIBRA IVORY 12 X 12', 1, 3, 375, 0, NULL, 0, NULL, 375),
(792, 'CM-0115', 4, 'TILES CERAMIC PLAIN WHITE 12 X 12', 1, 3, 234, 0, NULL, 0, NULL, 234),
(793, 'CM-0116', 4, 'TILES CERAMIC ROMANA BONE 12 X 12', 1, 4, 352, 0, NULL, 0, NULL, 352),
(794, 'CM-0117', 4, 'TILES CERAMIC ROMANA WHITE 12 X 12', 1, 3, 198, 0, NULL, 0, NULL, 198),
(795, 'CM-0118', 4, 'TILES CERAMIC WALL 30 X 30 BEIGE GLAZED', 1, 2, 163, 0, NULL, 0, NULL, 163),
(796, 'CM-0119', 4, 'TILES VINYL 3.0MM 30CM X 30CM (ASH GRAY)', 1, 4, 1625, 0, NULL, 0, NULL, 1625),
(797, 'CM-0120', 4, 'TOOL BOX', 1, 2, 0, 0, NULL, 0, NULL, 0),
(798, 'CM-0121', 4, 'TROWEL', 1, 2, 16, 0, NULL, 0, NULL, 16),
(799, 'CM-0122', 4, 'W-CLIFF', 1, 2, 0, 0, NULL, 0, NULL, 0),
(800, 'CM-0123', 4, 'WOOD GLUE (250 GRAMS)', 16, 1, 562, 0, NULL, 18, NULL, 544),
(801, 'CM-0124', 4, 'WOOD PRESERVER (TERMINTE CONTROL FOR ANAY)', 2, 3, 47, 0, NULL, 0, NULL, 47),
(802, 'PL-0001', 5, 'ALL PURPOSE A&B', 6, 2, 0, 0, NULL, 0, NULL, 0),
(803, 'PL-0002', 5, 'ANGLE VALVE 1/2 X 1/4', 1, 4, 64, 0, NULL, 0, NULL, 64),
(804, 'PL-0003', 5, 'ANGLE VALVE 1/2 X 1/2', 1, 4, 358, 0, NULL, 0, NULL, 358),
(805, 'PL-0004', 5, 'ANGLE VALVE 1/2 MALE OUTLET X 1/2 X 1/2', 1, 2, 53, 0, NULL, 0, NULL, 53),
(806, 'PL-0005', 5, 'ANGLE VALVE 1/2 X 1/2 X 1/4 (FOR BIDET)', 1, 1, 77, 0, NULL, 0, NULL, 77),
(807, 'PL-0006', 5, 'ANGLE VALVE 1/2 X 1/2 X 1/2 (FOR BIDET)', 1, 3, 0, 0, NULL, 0, NULL, 0),
(808, 'PL-0007', 5, 'ANGLE VALVE 3/8 FEMALE INLET x 3/8 OD', 1, 2, 295, 0, NULL, 0, NULL, 295),
(809, 'PL-0008', 5, 'BIDET CHROME PLATED CERAMIC CHIP', 1, 2, 26, 0, NULL, 0, NULL, 26),
(810, 'PL-0009', 5, 'COUPLING G.I. 1/2', 1, 1, 170, 0, NULL, 0, NULL, 170),
(811, 'PL-0010', 5, 'COUPLING G.I. 3/4', 1, 4, 40, 0, NULL, 0, NULL, 40),
(812, 'PL-0011', 5, 'COUPLING G.I. 1', 1, 3, 30, 0, NULL, 0, NULL, 30),
(813, 'PL-0012', 5, 'COUPLING G.I. 1 1/2', 1, 2, 10, 0, NULL, 0, NULL, 10),
(814, 'PL-0013', 5, 'COUPLING G.I. 2', 1, 1, 30, 0, NULL, 0, NULL, 30),
(815, 'PL-0014', 5, 'COUPLING REDUCER G.I. 3/4 X 1/2', 1, 1, 30, 0, NULL, 0, NULL, 30),
(816, 'PL-0015', 5, 'ELECTRIC HOME SHOWER (PANASONIC)', 6, 4, 0, 0, NULL, 0, NULL, 0),
(817, 'PL-0016', 5, 'ELBOW G.I. 1/2', 1, 2, 200, 0, NULL, 0, NULL, 200),
(818, 'PL-0017', 5, 'ELBOW G.I. 3/4', 1, 1, 100, 0, NULL, 0, NULL, 100),
(819, 'PL-0018', 5, 'ELBOW G.I. 1', 1, 1, 0, 0, NULL, 0, NULL, 0),
(820, 'PL-0019', 5, 'ELBOW G.I. 2', 1, 2, 10, 0, NULL, 0, NULL, 10),
(821, 'PL-0020', 5, 'ELBOW G.I. 3', 1, 3, 10, 0, NULL, 0, NULL, 10),
(822, 'PL-0021', 5, 'ELBOW PVC (BLUE) 1/2', 1, 2, 692, 0, NULL, 0, NULL, 692),
(823, 'PL-0022', 5, 'ELBOW PVC (BLUE) 3/4', 1, 3, 609, 0, NULL, 0, NULL, 609),
(824, 'PL-0023', 5, 'ELBOW PVC (BLUE) 1/2 WITH THREAD', 1, 2, 515, 0, NULL, 0, NULL, 515),
(825, 'PL-0024', 5, 'ELBOW PVC (BLUE) 3/4 WITH THREAD', 1, 4, 535, 0, NULL, 0, NULL, 535),
(826, 'PL-0025', 5, 'ELBOW PVC (ORANGE) 2', 1, 2, 3, 0, NULL, 0, NULL, 3),
(827, 'PL-0026', 5, 'ELBOW PVC (ORANGE) 3', 1, 3, 0, 0, NULL, 0, NULL, 0),
(828, 'PL-0027', 5, 'ELBOW PVC (ORANGE) 4', 1, 2, 0, 0, NULL, 0, NULL, 0),
(829, 'PL-0028', 5, 'ELBOW REDUCER G.I. 3/8 X 1/2', 1, 3, 30, 0, NULL, 0, NULL, 30),
(830, 'PL-0029', 5, 'FAUCET, LAVATORY 1/2 ORDINARY', 1, 1, 0, 0, NULL, 0, NULL, 0),
(831, 'PL-0030', 5, 'FAUCET, ORDINARY 1/2', 1, 1, 270, 0, NULL, 0, NULL, 270),
(832, 'PL-0031', 5, 'FAUCET, WALL TYPE (MECO)', 1, 4, 0, 0, NULL, 0, NULL, 0),
(833, 'PL-0032', 5, 'FAUCET, WALL TYPE (YUKO)', 1, 3, 0, 0, NULL, 0, NULL, 0),
(834, 'PL-0033', 5, 'FEMALE ADAPTER PVC 1/2', 1, 3, 900, 0, NULL, 0, NULL, 900),
(835, 'PL-0034', 5, 'FEMALE ADAPTER PVC 3/4', 1, 4, 1, 0, NULL, 0, NULL, 1),
(836, 'PL-0035', 5, 'FLEXIBLE HOSE LAVATORY 3/8 #12', 1, 4, 400, 0, NULL, 0, NULL, 400),
(837, 'PL-0036', 5, 'FLEXIBLE HOSE LAVATORY 1/2 X 1/2 X 12', 1, 4, 0, 0, NULL, 0, NULL, 0),
(838, 'PL-0037', 5, 'FLEXIBLE/SUPPLY HOSE LAVATORY 1/2 X 1/2', 1, 1, 214, 0, NULL, 0, NULL, 214),
(839, 'PL-0038', 5, 'FLEXIBLE/SUPPLY HOSE LAVATORY 1/2 X 1/2', 1, 2, 422, 0, NULL, 0, NULL, 422),
(840, 'PL-0039', 5, 'FLEXIBLE HOSE WATER CLOSET #16', 1, 3, 171, 0, NULL, 0, NULL, 171),
(841, 'PL-0040', 5, 'GATE VALVE 1/2\" BRASS', 1, 3, 146, 0, NULL, 0, NULL, 146),
(842, 'PL-0041', 5, 'GATE VALVE 3/4\" BRASS', 1, 4, 15, 0, NULL, 0, NULL, 15),
(843, 'PL-0042', 5, 'GATE VALVE 1\" BRASS', 1, 3, 21, 0, NULL, 0, NULL, 21),
(844, 'PL-0043', 5, 'GATE VALVE 2\" BRASS', 1, 4, 31, 0, NULL, 0, NULL, 31),
(845, 'PL-0044', 5, 'GATE VALVE 3\" BRASS', 1, 4, 3, 0, NULL, 0, NULL, 3),
(846, 'PL-0045', 5, 'GATE VALVE 4\" BRASS', 1, 4, 0, 0, NULL, 0, NULL, 0),
(847, 'PL-0046', 5, 'LAVATORY BASIN SINK', 1, 2, 27, 0, NULL, 0, NULL, 27),
(848, 'PL-0047', 5, 'MALE ADAPTER PVC 1/2\"', 1, 4, 721, 0, NULL, 0, NULL, 721),
(849, 'PL-0048', 5, 'NIPPLE G.I: 1/4 x 3', 1, 3, 100, 0, NULL, 0, NULL, 100),
(850, 'PL-0049', 5, 'NIPPLE G.I. 1/4 x 4 ', 1, 3, 20, 0, NULL, 0, NULL, 20),
(851, 'PL-0050', 5, 'NIPPLE G.I. 1/2 x 3 ', 1, 1, 36, 0, NULL, 0, NULL, 36),
(852, 'PL-0051', 5, 'NIPPLE G.I. 1/2 x 4 ', 1, 1, 30, 0, NULL, 0, NULL, 30),
(853, 'PL-0052', 5, 'NIPPLE G.I. 3/4', 1, 1, 10, 0, NULL, 0, NULL, 10),
(854, 'PL-0053', 5, 'PIPE G.I. 1/2, SCH.40', 1, 4, 0, 0, NULL, 0, NULL, 0),
(855, 'PL-0054', 5, 'PIPE G.I. 3/4, SCH.40', 1, 3, 0, 0, NULL, 0, NULL, 0),
(856, 'PL-0055', 5, 'PIPE G.I. 1 SCH. 40', 1, 2, 0, 0, NULL, 0, NULL, 0),
(857, 'PL-0056', 5, 'PIPE G.I. 1 1/2 SCH.40. ', 1, 2, 0, 0, NULL, 0, NULL, 0),
(858, 'PL-0057', 5, 'PIPE G.I. 2 SCH.40', 1, 3, 0, 0, NULL, 0, NULL, 0),
(859, 'PL-0058', 5, 'PIPE PVC (BLUE) 1 X 10', 1, 1, 147, 0, NULL, 0, NULL, 147),
(860, 'PL-0059', 5, 'PIPE PVC (BLUE) 1/2 X 10', 1, 1, 157, 0, NULL, 0, NULL, 257),
(861, 'PL-0060', 5, 'PIPE PVC (BLUE) 3/4 X 10', 1, 3, 46, 0, NULL, 0, NULL, 46),
(862, 'PL-0061', 5, 'PIPE PVC (ORANGE) 2', 1, 1, 3, 0, NULL, 0, NULL, 3),
(863, 'PL-0062', 5, 'PIPE PVC (ORANGE) 3', 1, 3, 0, 0, NULL, 0, NULL, 0),
(864, 'PL-0063', 5, 'PIPE PVC (ORANGE) 4', 1, 1, 0, 0, NULL, 0, NULL, 0),
(865, 'PL-0064', 5, 'P-TRAP W/TAIL PIECE 1 1/4', 1, 3, 193, 0, NULL, 0, NULL, 193),
(866, 'PL-0065', 5, 'RAIN PANTS', 1, 1, 83, 0, NULL, 0, NULL, 83),
(867, 'PL-0066', 5, 'RUBBER FLAPPER, SANIWARES', 1, 4, 86, 0, NULL, 0, NULL, 86),
(868, 'PL-0067', 5, 'SHOWER HANDLE', 1, 4, 0, 0, NULL, 0, NULL, 0),
(869, 'PL-0068', 5, 'SHOWER VALVE', 1, 4, 0, 0, NULL, 0, NULL, 0),
(870, 'PL-0069', 5, 'SOLVENT CEMENT PVC 200CC', 1, 1, 31, 0, NULL, 0, NULL, 31),
(871, 'PL-0070', 5, 'SPRINGKLER', 1, 4, 13, 0, NULL, 0, NULL, 13),
(872, 'PL-0071', 5, 'STRAINER 4 X 4', 1, 4, 0, 0, NULL, 0, NULL, 0),
(873, 'PL-0072', 5, 'STRAINER FLOOR DRAIN 4 X 4', 1, 3, 131, 0, NULL, 0, NULL, 131),
(874, 'PL-0073', 5, 'TANK FITTINGS, WATERMASTER', 1, 1, 885, 0, NULL, 0, NULL, 885),
(875, 'PL-0074', 5, 'TANK LEVER BRASS FLUSH HANDLE', 1, 3, 527, 0, NULL, 0, NULL, 527),
(876, 'PL-0075', 5, 'TANK LEVER BRASS TANK HANDLE', 1, 3, 0, 0, NULL, 0, NULL, 0),
(877, 'PL-0076', 5, 'TANK LEVER, SHARK TOP MOUNT PUSH', 1, 1, 0, 0, NULL, 0, NULL, 0),
(878, 'PL-0077', 5, 'TEE G.I. 1/2', 1, 4, 299, 0, NULL, 0, NULL, 299),
(879, 'PL-0078', 5, 'TEE G.I. 1', 1, 2, 60, 0, NULL, 0, NULL, 60),
(880, 'PL-0079', 5, 'TEE G.I. 2', 1, 3, 10, 0, NULL, 0, NULL, 10),
(881, 'PL-0080', 5, 'TEE PVC (BLUE) 1/2', 1, 2, 316, 0, NULL, 0, NULL, 316),
(882, 'PL-0081', 5, 'TEE PVC (BLUE) 3/4', 1, 3, 190, 0, NULL, 0, NULL, 190),
(883, 'PL-0082', 5, 'TEE PVC (BLUE) 1/2', 1, 4, 0, 0, NULL, 0, NULL, 0),
(884, 'PL-0083', 5, 'TEE PVC (BLUE) 3/4', 1, 1, 0, 0, NULL, 0, NULL, 0),
(885, 'PL-0084', 5, 'TEPLON', 1, 3, 118, 0, NULL, 0, NULL, 118),
(886, 'PL-0085', 5, 'TOILET BOWL ROYAL TERM SEAT AND COVE', 1, 1, 5, 0, NULL, 0, NULL, 5),
(887, 'PL-0086', 5, 'TOILET PLUNGER', 1, 3, 9, 0, NULL, 0, NULL, 9),
(888, 'PL-0087', 5, 'TOX PVC #6', 17, 1, 58, 0, NULL, 0, NULL, 58),
(889, 'PL-0088', 5, 'TOX PVC #8', 17, 3, 33, 0, NULL, 0, NULL, 33),
(890, 'PL-0089', 5, 'TUBULAR P-TRAP 1-2', 1, 1, 0, 0, NULL, 0, NULL, 0),
(891, 'PL-0090', 5, 'TUBULAR P-TRAP 1-1/2', 1, 1, 0, 0, NULL, 0, NULL, 0),
(892, 'PL-0091', 5, 'UNION PATENTE 1/2', 1, 2, 40, 0, NULL, 0, NULL, 40),
(893, 'PL-0092', 5, 'UNION PATENTE 1', 1, 4, 60, 0, NULL, 0, NULL, 60),
(894, 'PL-0093', 5, 'UNION PATENTE 2', 1, 4, 2, 0, NULL, 0, NULL, 2),
(895, 'PL-0094', 5, 'URINAL CERAMIC MALE (WHITE)', 1, 3, 12, 0, NULL, 0, NULL, 12),
(896, 'PL-0095', 5, 'URINAL FLUSH VALVE', 1, 4, 41, 0, NULL, 0, NULL, 41),
(897, 'PL-0096', 5, 'URINAL FLUSH VALVE (PUSH BUTTON)', 1, 4, 188, 0, NULL, 0, NULL, 188),
(898, 'PL-0097', 5, 'VULCASEAL', 2, 3, 0, 0, NULL, 0, NULL, 0),
(899, 'PL-0098', 5, 'WYE PVC 2', 1, 3, 30, 0, NULL, 0, NULL, 30),
(900, 'PL-0099', 5, 'WYE PVC 3', 1, 1, 5, 0, NULL, 0, NULL, 5);

-- --------------------------------------------------------

--
-- Table structure for table `notifications`
--

CREATE TABLE `notifications` (
  `id` int(11) NOT NULL,
  `user_id` int(11) NOT NULL,
  `sender_id` int(11) DEFAULT NULL,
  `message` text NOT NULL,
  `important` tinyint(1) DEFAULT 0,
  `status` varchar(20) DEFAULT 'unread',
  `created_at` timestamp NOT NULL DEFAULT current_timestamp(),
  `read_at` timestamp NULL DEFAULT NULL
) ENGINE=InnoDB DEFAULT CHARSET=utf8mb4 COLLATE=utf8mb4_general_ci;

--
-- Dumping data for table `notifications`
--

INSERT INTO `notifications` (`id`, `user_id`, `sender_id`, `message`, `important`, `status`, `created_at`, `read_at`) VALUES
(1, 1, 4, 'System maintenance scheduled for tomorrow.', 0, 'unread', '2024-09-06 01:00:00', NULL),
(2, 1, 2, 'Meeting rescheduled to 3 PM.', 1, 'unread', '2024-09-05 02:30:00', NULL),
(3, 1, 3, 'Your password will expire in 5 days.', 0, 'unread', '2024-09-04 00:00:00', NULL),
(4, 2, 1, 'Monthly performance report is ready.', 1, 'unread', '2024-09-06 04:15:00', NULL),
(5, 2, 4, 'New updates available for the system.', 0, 'unread', '2024-09-06 01:45:00', NULL),
(6, 2, 5, 'Don\'t forget to complete your profile.', 0, 'read', '2024-09-03 06:30:00', '2024-09-03 07:00:00'),
(7, 3, 4, 'Your account will be reactivated soon.', 0, 'unread', '2024-09-01 08:20:00', NULL),
(8, 3, 2, 'You have an upcoming meeting with HR.', 1, 'read', '2024-08-31 02:00:00', '2024-08-31 03:00:00'),
(9, 3, 1, 'System maintenance scheduled for tomorrow.', 0, 'unread', '2024-08-30 03:30:00', NULL),
(10, 4, 1, 'Security alert: Suspicious login attempt detected.', 1, 'unread', '2024-09-06 00:00:00', NULL),
(11, 4, 3, 'System updates successfully installed.', 0, 'read', '2024-09-04 23:50:00', '2024-09-05 00:00:00'),
(12, 4, 2, 'Your report has been reviewed.', 0, 'read', '2024-09-02 07:30:00', '2024-09-02 08:00:00'),
(13, 5, 3, 'System maintenance completed.', 0, 'unread', '2024-09-05 22:30:00', NULL),
(14, 5, 1, 'Your access request was approved.', 1, 'unread', '2024-09-04 02:20:00', NULL),
(15, 5, 4, 'New updates to your profile.', 0, 'unread', '2024-09-03 01:00:00', NULL),
(16, 6, 2, 'Your account is scheduled for deactivation.', 1, 'unread', '2024-09-01 04:10:00', NULL),
(17, 6, 3, 'New security patch installed.', 0, 'read', '2024-08-31 03:00:00', '2024-08-31 04:00:00'),
(18, 6, 5, 'Meeting rescheduled to 11 AM.', 0, 'unread', '2024-08-29 23:45:00', NULL),
(19, 7, 2, 'New messages in your inbox.', 1, 'read', '2024-09-06 01:00:00', '2024-09-06 01:30:00'),
(20, 7, 1, 'Reminder: Password reset required.', 0, 'unread', '2024-09-03 00:00:00', NULL);

-- --------------------------------------------------------

--
-- Table structure for table `pup_groups`
--

CREATE TABLE `pup_groups` (
  `id` int(11) NOT NULL,
  `description` varchar(255) NOT NULL,
  `abbrev` varchar(255) NOT NULL
) ENGINE=InnoDB DEFAULT CHARSET=utf8mb4 COLLATE=utf8mb4_general_ci;

--
-- Dumping data for table `pup_groups`
--

INSERT INTO `pup_groups` (`id`, `description`, `abbrev`) VALUES
(1, 'College of Engineering and Architecture', 'CEA'),
(2, 'College of Communication', 'COC'),
(3, 'MHDPC', 'MHDPC'),
(4, 'FAMO', 'FAMO');

-- --------------------------------------------------------

--
-- Table structure for table `requests`
--

CREATE TABLE `requests` (
  `id` int(11) NOT NULL,
  `request_number` varchar(255) NOT NULL,
  `requested_by` int(11) DEFAULT NULL,
  `request_date` datetime DEFAULT current_timestamp(),
  `status_id` int(11) DEFAULT 1,
  `rejection_justification` text DEFAULT NULL,
  `archive` tinyint(1) DEFAULT 0
) ENGINE=InnoDB DEFAULT CHARSET=utf8mb4 COLLATE=utf8mb4_general_ci;

--
-- Dumping data for table `requests`
--

INSERT INTO `requests` (`id`, `request_number`, `requested_by`, `request_date`, `status_id`, `rejection_justification`, `archive`) VALUES
(1, 'REQ-2024-10-0001', 1, '2024-10-27 11:53:06', 1, NULL, 0),
(2, 'REQ-2024-10-0002', 1, '2024-10-27 12:29:39', 1, NULL, 0),
(3, 'REQ-2024-10-0003', 1, '2024-10-27 12:30:42', 1, NULL, 0),
(4, 'REQ-2024-10-0004', 1, '2024-10-27 12:34:01', 1, NULL, 0),
(5, 'REQ-2024-10-0005', 1, '2024-10-27 12:34:40', 1, NULL, 0),
(6, 'REQ-2024-10-0006', 1, '2024-10-27 12:36:07', 1, NULL, 0),
(7, 'REQ-2024-10-0007', 1, '2024-10-27 12:36:49', 1, NULL, 0),
(8, 'REQ-2024-10-0008', 1, '2024-10-27 12:38:08', 1, NULL, 0),
(9, 'REQ-2024-10-0009', 1, '2024-10-27 12:39:42', 1, NULL, 0),
(10, 'REQ-2024-10-0010', 1, '2024-10-27 12:40:52', 1, NULL, 0),
(11, 'REQ-2024-10-0011', 1, '2024-10-27 12:41:24', 1, NULL, 0),
(12, 'REQ-2024-10-0012', 1, '2024-10-27 12:41:57', 1, NULL, 0),
(13, 'REQ-2024-10-0013', 1, '2024-10-27 12:42:36', 1, NULL, 0),
(14, 'REQ-2024-10-0014', 1, '2024-10-27 12:44:45', 1, NULL, 0),
(15, 'REQ-2024-10-0015', 1, '2024-10-27 12:45:02', 1, NULL, 0),
(16, 'REQ-2024-10-0016', 1, '2024-10-27 12:47:40', 1, NULL, 0),
(17, 'REQ-2024-10-0017', 1, '2024-10-27 12:50:04', 1, NULL, 0),
(18, 'REQ-2024-10-0018', 1, '2024-10-27 12:50:48', 1, NULL, 0),
(19, 'REQ-2024-10-0019', 1, '2024-10-27 12:54:27', 1, NULL, 0),
(20, 'REQ-2024-10-0020', 1, '2024-10-27 12:55:06', 1, NULL, 0),
(21, 'REQ-2024-10-0021', 1, '2024-10-27 12:55:36', 1, NULL, 0),
(22, 'REQ-2024-10-0022', 1, '2024-10-27 12:55:53', 1, NULL, 0),
(23, 'REQ-2024-10-0023', 1, '2024-10-27 12:56:23', 1, NULL, 0),
(24, 'REQ-2024-10-0024', 1, '2024-10-27 12:56:50', 1, NULL, 0),
(25, 'REQ-2024-10-0025', 1, '2024-10-27 12:57:00', 1, NULL, 0),
(26, 'REQ-2024-10-0026', 1, '2024-10-27 12:57:17', 1, NULL, 0),
(27, 'REQ-2024-10-0027', 1, '2024-10-27 12:57:46', 1, NULL, 0),
(28, 'REQ-2024-11-0028', 1, '2024-11-03 17:58:07', 1, NULL, 0),
(29, 'REQ-2024-11-0029', 1, '2024-11-03 17:58:29', 1, NULL, 0),
(30, 'REQ-2024-11-0030', 1, '2024-11-03 18:01:27', 1, NULL, 0);

-- --------------------------------------------------------

--
-- Table structure for table `request_items`
--

CREATE TABLE `request_items` (
  `id` int(11) NOT NULL,
  `request_id` int(11) DEFAULT NULL,
  `item_name` text DEFAULT NULL,
  `category_id` int(11) DEFAULT NULL,
  `units_of_measurement_id` int(11) DEFAULT NULL,
  `pup_group_id` int(11) DEFAULT NULL,
  `quantity` int(11) NOT NULL,
  `justification` text NOT NULL
) ENGINE=InnoDB DEFAULT CHARSET=utf8mb4 COLLATE=utf8mb4_general_ci;

--
-- Dumping data for table `request_items`
--

INSERT INTO `request_items` (`id`, `request_id`, `item_name`, `category_id`, `units_of_measurement_id`, `pup_group_id`, `quantity`, `justification`) VALUES
(4, 13, 'Item 2', 3, 7, NULL, 2, 'qweadasd'),
(6, 15, 'Item 1', 1, 1, NULL, 1, 'qweq'),
(7, 15, 'Item 2', 3, 7, NULL, 2, 'qweadasd'),
(8, 15, 'Item 3', 2, 3, NULL, 3, 'qweasdqwqe'),
(9, 16, 'Item 1', 1, 1, NULL, 1, 'qweq'),
(10, 16, 'Item 2', 3, 7, NULL, 2, 'qweadasd'),
(11, 16, 'Item 3', 2, 3, NULL, 3, 'qweasdqwqe'),
(12, 18, 'Item 1', 1, 1, NULL, 1, 'qweq'),
(13, 18, 'Item 2', 3, 7, NULL, 2, 'qweadasd'),
(14, 18, 'Item 3', 2, 3, NULL, 3, 'qweasdqwqe'),
(15, 23, 'Item 1', 1, 1, NULL, 1, 'qweq'),
(16, 23, 'Item 2', 3, 7, NULL, 2, 'qweadasd'),
(17, 23, 'Item 3', 2, 3, NULL, 3, 'qweasdqwqe'),
(18, 26, 'Item 1', 1, 1, NULL, 1, 'qweq'),
(19, 26, 'Item 2', 3, 7, NULL, 2, 'qweadasd'),
(20, 26, 'Item 3', 2, 3, NULL, 3, 'qweasdqwqe'),
(21, 27, 'Item 1', 1, 1, NULL, 1, 'qweq'),
(22, 27, 'Item 2', 3, 7, NULL, 2, 'qweadasd'),
(23, 27, 'Item 3', 2, 3, NULL, 3, 'qweasdqwqe'),
(24, 30, 'qweq', 1, 8, 2, 123, 'qweqwe');

-- --------------------------------------------------------

--
-- Table structure for table `roles`
--

CREATE TABLE `roles` (
  `id` int(11) NOT NULL,
  `description` varchar(255) NOT NULL,
  `deleted` tinyint(1) DEFAULT 0
) ENGINE=InnoDB DEFAULT CHARSET=utf8mb4 COLLATE=utf8mb4_general_ci;

--
-- Dumping data for table `roles`
--

INSERT INTO `roles` (`id`, `description`, `deleted`) VALUES
(1, 'Administrator', 0),
(2, 'Director', 0),
(3, 'Civil and Sanitary Services Chief', 0),
(4, 'Lights, Sounds, and Event Services Chief', 0),
(5, 'Electrical and Mechanical Service Chief', 0),
(6, 'Building and Grounds Service Chief', 0),
(7, 'Warehouseman', 0);

-- --------------------------------------------------------

--
-- Table structure for table `sessions`
--

CREATE TABLE `sessions` (
  `id` varchar(128) NOT NULL,
  `user_id` int(11) DEFAULT NULL,
  `data` text DEFAULT NULL,
  `created_at` timestamp NOT NULL DEFAULT current_timestamp(),
  `expires_at` timestamp NULL DEFAULT NULL
) ENGINE=InnoDB DEFAULT CHARSET=utf8mb4 COLLATE=utf8mb4_general_ci;

-- --------------------------------------------------------

--
-- Table structure for table `status`
--

CREATE TABLE `status` (
  `id` int(11) NOT NULL,
  `description` varchar(255) NOT NULL
) ENGINE=InnoDB DEFAULT CHARSET=utf8mb4 COLLATE=utf8mb4_general_ci;

--
-- Dumping data for table `status`
--

INSERT INTO `status` (`id`, `description`) VALUES
(1, 'Pending'),
(2, 'Approved'),
(3, 'Rejected');

-- --------------------------------------------------------

--
-- Table structure for table `units_of_measurement`
--

CREATE TABLE `units_of_measurement` (
  `id` int(11) NOT NULL,
  `description` varchar(100) NOT NULL,
  `unit` varchar(20) NOT NULL,
  `low_limit` int(11) NOT NULL DEFAULT 0,
  `full_limit` int(11) NOT NULL DEFAULT 0,
  `reserved_limit` int(11) NOT NULL DEFAULT 0
) ENGINE=InnoDB DEFAULT CHARSET=utf8mb4 COLLATE=utf8mb4_general_ci;

--
-- Dumping data for table `units_of_measurement`
--

INSERT INTO `units_of_measurement` (`id`, `description`, `unit`, `low_limit`, `full_limit`, `reserved_limit`) VALUES
(1, 'Pieces', 'pcs.', 200, 50000, 1000),
(2, 'Liters', 'liters', 100, 1000, 500),
(3, 'Gallon', 'gals.', 50, 5000, 200),
(4, 'Pair', 'pairs', 100, 10000, 500),
(5, 'Kilogram', 'kls', 200, 20000, 1000),
(6, 'Set', 'sets', 50, 5000, 200),
(7, 'Can', 'can', 100, 10000, 500),
(8, 'Meter', 'meter', 1000, 100000, 2000),
(9, 'Rolls', 'rolls', 100, 10000, 500),
(10, 'Tank', 'tank', 50, 2000, 100),
(11, 'Bag', 'bags', 100, 10000, 500),
(12, 'Milliliters', 'ml', 10000, 1000000, 20000),
(13, 'Tins', 'tins', 100, 10000, 500),
(14, 'Containers', 'containers', 50, 5000, 200),
(15, 'Pack', 'pack', 200, 5000, 1000),
(16, 'Pouch', 'pouch', 200, 5000, 1000),
(17, 'Boxes', 'box', 50, 5000, 1000),
(18, 'Units', 'units', 100, 2000, 1000),
(19, 'Feet', 'feet', 100, 10000, 2000),
(20, 'Drum', 'drum', 10, 1000, 500),
(21, 'Gallons', 'gallons', 50, 1000, 500);

-- --------------------------------------------------------

--
-- Table structure for table `users`
--

CREATE TABLE `users` (
  `id` int(11) NOT NULL,
  `username` varchar(255) NOT NULL,
  `email` varchar(255) NOT NULL,
  `password` varchar(255) NOT NULL,
  `first_name` varchar(255) DEFAULT NULL,
  `last_name` varchar(255) DEFAULT NULL,
  `created_at` timestamp NOT NULL DEFAULT current_timestamp(),
  `updated_at` timestamp NOT NULL DEFAULT current_timestamp() ON UPDATE current_timestamp(),
  `last_logged_in` datetime DEFAULT NULL,
  `role` tinyint(3) UNSIGNED DEFAULT NULL CHECK (`role` between 1 and 7),
  `status` enum('active','inactive') DEFAULT 'active',
  `deleted` tinyint(1) DEFAULT 0
) ENGINE=InnoDB DEFAULT CHARSET=utf8mb4 COLLATE=utf8mb4_general_ci;

--
-- Dumping data for table `users`
--

INSERT INTO `users` (`id`, `username`, `email`, `password`, `first_name`, `last_name`, `created_at`, `updated_at`, `last_logged_in`, `role`, `status`, `deleted`) VALUES
(1, 'test', 'johndoe@example.com', 'pass1', 'John', 'Doe', '2024-09-07 01:46:49', '2024-11-03 12:32:41', '2024-11-03 20:32:41', 1, 'active', 0),
(2, 'janedoe', 'janedoe@example.com', 'hashed_password_2', 'Jane', 'Doe', '2024-09-07 01:46:49', '2024-09-07 01:46:49', '2024-09-01 08:15:00', 2, 'active', 0),
(3, 'michaelb', 'michaelb@example.com', 'hashed_password_3', 'Michael', 'Brown', '2024-09-07 01:46:49', '2024-09-07 01:46:49', '2024-08-31 12:45:00', 3, 'inactive', 0),
(4, 'emilyw', 'emilyw@example.com', 'hashed_password_4', 'Emily', 'White', '2024-09-07 01:46:49', '2024-09-07 01:46:49', '2024-08-30 09:30:00', 4, 'active', 0),
(5, 'davidj', 'davidj@example.com', 'hashed_password_5', 'David', 'Johnson', '2024-09-07 01:46:49', '2024-09-07 01:46:49', '2024-08-29 14:50:00', 5, 'active', 0),
(6, 'sarahk', 'sarahk@example.com', 'hashed_password_6', 'Sarah', 'King', '2024-09-07 01:46:49', '2024-09-07 01:46:49', '2024-08-28 10:00:00', 6, 'inactive', 1),
(7, 'chrisl', 'chrisl@example.com', 'hashed_password_7', 'Chris', 'Lee', '2024-09-07 01:46:49', '2024-09-07 01:46:49', '2024-08-27 11:10:00', 7, 'active', 0),
(8, 'rachelm', 'rachelm@example.com', 'hashed_password_8', 'Rachel', 'Morris', '2024-09-07 01:46:49', '2024-09-07 01:46:49', '2024-08-26 16:30:00', 1, 'active', 0),
(9, 'tomb', 'tomb@example.com', 'hashed_password_9', 'Tom', 'Brown', '2024-09-07 01:46:49', '2024-09-07 01:46:49', '2024-08-25 18:20:00', 2, 'active', 0),
(10, 'annas', 'annas@example.com', 'hashed_password_10', 'Anna', 'Smith', '2024-09-07 01:46:49', '2024-09-07 01:46:49', '2024-08-24 08:05:00', 3, 'inactive', 1),
(11, 'qwe', 'qweqwe@qwe.com', '$2y$10$D/4wARjxDfdMomDx/EQPfOjAfAfpakX4JQmAwV.AyF7m8ENkejf.K', 'we', 'qqwe', '2024-09-24 13:03:44', '2024-09-24 13:03:44', '2024-09-24 21:03:44', 1, 'active', 0),
(14, 'qweasd', 'qweqwasde@qwe.com', '$2y$10$nXOQUUbZnCSfxz9Ccb99H.L6jPzdfYamWchDUjW.OCJYkbn8a6/Ge', 'we', 'qqwe', '2024-09-24 13:05:25', '2024-09-24 13:05:25', '2024-09-24 21:05:25', 2, 'active', 0),
(15, 'qweasdasdasd', 'qweqwasadasdde@qwe.com', '$2y$10$XWTLovy2QBxrdFioK9d5ku.HhFnFSBbJMHnFUqp0AbReBgcGXDSEi', 'we', 'qqwe', '2024-09-24 13:06:18', '2024-09-24 13:06:18', '2024-09-24 21:06:18', 1, 'active', 0);

--
-- Indexes for dumped tables
--

--
-- Indexes for table `categories`
--
ALTER TABLE `categories`
  ADD PRIMARY KEY (`id`);

--
-- Indexes for table `frequency`
--
ALTER TABLE `frequency`
  ADD PRIMARY KEY (`id`),
  ADD KEY `inventory_id` (`inventory_id`),
  ADD KEY `pup_groups_id` (`pup_groups_id`);

--
-- Indexes for table `inventory`
--
ALTER TABLE `inventory`
  ADD PRIMARY KEY (`id`),
  ADD UNIQUE KEY `item_unique` (`item_id`),
  ADD KEY `category_id` (`category_id`),
  ADD KEY `unit_id` (`unit_id`),
  ADD KEY `fk_pup_group_id2` (`pup_group_id`);

--
-- Indexes for table `notifications`
--
ALTER TABLE `notifications`
  ADD PRIMARY KEY (`id`),
  ADD KEY `user_id` (`user_id`),
  ADD KEY `status` (`status`),
  ADD KEY `created_at` (`created_at`),
  ADD KEY `sender_id` (`sender_id`);

--
-- Indexes for table `pup_groups`
--
ALTER TABLE `pup_groups`
  ADD PRIMARY KEY (`id`);

--
-- Indexes for table `requests`
--
ALTER TABLE `requests`
  ADD PRIMARY KEY (`id`),
  ADD KEY `requested_by` (`requested_by`),
  ADD KEY `status_id` (`status_id`);

--
-- Indexes for table `request_items`
--
ALTER TABLE `request_items`
  ADD PRIMARY KEY (`id`),
  ADD KEY `request_id` (`request_id`),
  ADD KEY `category_id` (`category_id`),
  ADD KEY `units_of_measurement_id` (`units_of_measurement_id`),
  ADD KEY `fk_pup_group_id` (`pup_group_id`);

--
-- Indexes for table `roles`
--
ALTER TABLE `roles`
  ADD PRIMARY KEY (`id`);

--
-- Indexes for table `sessions`
--
ALTER TABLE `sessions`
  ADD PRIMARY KEY (`id`);

--
-- Indexes for table `status`
--
ALTER TABLE `status`
  ADD PRIMARY KEY (`id`);

--
-- Indexes for table `units_of_measurement`
--
ALTER TABLE `units_of_measurement`
  ADD PRIMARY KEY (`id`);

--
-- Indexes for table `users`
--
ALTER TABLE `users`
  ADD PRIMARY KEY (`id`),
  ADD UNIQUE KEY `username` (`username`),
  ADD UNIQUE KEY `email` (`email`);

--
-- AUTO_INCREMENT for dumped tables
--

--
-- AUTO_INCREMENT for table `categories`
--
ALTER TABLE `categories`
  MODIFY `id` int(11) NOT NULL AUTO_INCREMENT, AUTO_INCREMENT=6;

--
-- AUTO_INCREMENT for table `frequency`
--
ALTER TABLE `frequency`
  MODIFY `id` int(11) NOT NULL AUTO_INCREMENT, AUTO_INCREMENT=258;

--
-- AUTO_INCREMENT for table `inventory`
--
ALTER TABLE `inventory`
  MODIFY `id` int(11) NOT NULL AUTO_INCREMENT, AUTO_INCREMENT=901;

--
-- AUTO_INCREMENT for table `notifications`
--
ALTER TABLE `notifications`
  MODIFY `id` int(11) NOT NULL AUTO_INCREMENT, AUTO_INCREMENT=21;

--
-- AUTO_INCREMENT for table `pup_groups`
--
ALTER TABLE `pup_groups`
  MODIFY `id` int(11) NOT NULL AUTO_INCREMENT, AUTO_INCREMENT=5;

--
-- AUTO_INCREMENT for table `requests`
--
ALTER TABLE `requests`
  MODIFY `id` int(11) NOT NULL AUTO_INCREMENT, AUTO_INCREMENT=31;

--
-- AUTO_INCREMENT for table `request_items`
--
ALTER TABLE `request_items`
  MODIFY `id` int(11) NOT NULL AUTO_INCREMENT, AUTO_INCREMENT=25;

--
-- AUTO_INCREMENT for table `roles`
--
ALTER TABLE `roles`
  MODIFY `id` int(11) NOT NULL AUTO_INCREMENT, AUTO_INCREMENT=8;

--
-- AUTO_INCREMENT for table `status`
--
ALTER TABLE `status`
  MODIFY `id` int(11) NOT NULL AUTO_INCREMENT, AUTO_INCREMENT=4;

--
-- AUTO_INCREMENT for table `units_of_measurement`
--
ALTER TABLE `units_of_measurement`
  MODIFY `id` int(11) NOT NULL AUTO_INCREMENT, AUTO_INCREMENT=25;

--
-- AUTO_INCREMENT for table `users`
--
ALTER TABLE `users`
  MODIFY `id` int(11) NOT NULL AUTO_INCREMENT, AUTO_INCREMENT=16;

--
-- Constraints for dumped tables
--

--
-- Constraints for table `frequency`
--
ALTER TABLE `frequency`
  ADD CONSTRAINT `frequency_ibfk_1` FOREIGN KEY (`inventory_id`) REFERENCES `inventory` (`id`) ON DELETE CASCADE ON UPDATE CASCADE,
  ADD CONSTRAINT `frequency_ibfk_2` FOREIGN KEY (`pup_groups_id`) REFERENCES `pup_groups` (`id`) ON DELETE CASCADE ON UPDATE CASCADE;

--
-- Constraints for table `inventory`
--
ALTER TABLE `inventory`
  ADD CONSTRAINT `fk_pup_group_id2` FOREIGN KEY (`pup_group_id`) REFERENCES `pup_groups` (`id`) ON DELETE CASCADE ON UPDATE CASCADE,
  ADD CONSTRAINT `inventory_ibfk_1` FOREIGN KEY (`category_id`) REFERENCES `categories` (`id`),
  ADD CONSTRAINT `inventory_ibfk_2` FOREIGN KEY (`unit_id`) REFERENCES `units_of_measurement` (`id`);

--
-- Constraints for table `notifications`
--
ALTER TABLE `notifications`
  ADD CONSTRAINT `notifications_ibfk_1` FOREIGN KEY (`user_id`) REFERENCES `users` (`id`),
  ADD CONSTRAINT `notifications_ibfk_2` FOREIGN KEY (`sender_id`) REFERENCES `users` (`id`);

--
-- Constraints for table `requests`
--
ALTER TABLE `requests`
  ADD CONSTRAINT `requests_ibfk_1` FOREIGN KEY (`requested_by`) REFERENCES `users` (`id`),
  ADD CONSTRAINT `requests_ibfk_2` FOREIGN KEY (`status_id`) REFERENCES `status` (`id`);

--
-- Constraints for table `request_items`
--
ALTER TABLE `request_items`
  ADD CONSTRAINT `fk_pup_group_id` FOREIGN KEY (`pup_group_id`) REFERENCES `pup_groups` (`id`) ON DELETE CASCADE ON UPDATE CASCADE,
  ADD CONSTRAINT `request_items_ibfk_1` FOREIGN KEY (`request_id`) REFERENCES `requests` (`id`),
  ADD CONSTRAINT `request_items_ibfk_2` FOREIGN KEY (`category_id`) REFERENCES `categories` (`id`),
  ADD CONSTRAINT `request_items_ibfk_3` FOREIGN KEY (`units_of_measurement_id`) REFERENCES `units_of_measurement` (`id`);
COMMIT;

/*!40101 SET CHARACTER_SET_CLIENT=@OLD_CHARACTER_SET_CLIENT */;
/*!40101 SET CHARACTER_SET_RESULTS=@OLD_CHARACTER_SET_RESULTS */;
/*!40101 SET COLLATION_CONNECTION=@OLD_COLLATION_CONNECTION */;
